Gender,phone_number,dob,Job,Secur. Soc. N.
F,(283)467-2667x97664,2007-10-18,,482-96-2945
M,+33 (0)5 16 41 35 15,1989-03-13,conservateur territorial de bibliothèques,307-03-7826
M,04 88 13 89 41,2021-12-25,,763-99-0246
F,001-482-451-8158x6534,1985-01-11,"Psychologist, sport and exercise",300-75-0905
M,5126904558,1985-06-02,ingénieur télécoms et réseaux,600-63-8220
M,(221)926-6315x7329,1978-09-22,pédicure-podologue,026-77-1862
M,0246655663,2014-04-05,,071-37-8412
M,294.808.2116x50947,2004-07-16,Statistician,380-95-0311
M,02 99 42 07 75,1980-12-25,histologiste,586-04-8240
M,+33 3 44 26 30 14,1974-08-26,toiletteur d'animaux,481-65-2728
F,001-558-765-2336x837,1995-08-30,magistrat,586-06-8772
F,001-706-333-8606x70672,1976-04-11,"Presenter, broadcasting",541-33-0807
M,+1-223-800-8332,2012-10-29,,132046204104556
M,(875)877-2357x626,2014-10-28,,195074523467181
M,025-968-1338,2015-07-06,,150084523429163
M,0483919565,2017-10-11,,888-33-8420
F,+33 2 29 01 11 81,1985-12-28,commissaire de police,253102808574904
M,457.503.7424,1982-11-02,commerçant en alimentation,216119122836113
M,0382317635,2007-06-01,,635-21-7459
M,0494322885,1973-04-05,ingénieur d'application,205028313773768
M,081-579-2302,1987-08-08,technicien de police technique et scientifique,065-73-6483
F,+1-157-252-5143x272,1974-03-18,chargé d'affaires en génie climatique,165011601584796
F,+33 (0)4 88 39 99 19,2022-08-27,,763-80-3812
F,04 69 57 43 02,1998-12-08,Sports development officer,259-48-4571
M,+33 (0)4 93 21 49 50,2011-05-16,,240056311336434
M,007.509.8081x1927,2011-11-27,,096-66-7172
M,+33 (0)1 44 32 97 64,2016-10-11,,032-55-6146
